<?xml version='1.0' encoding='UTF-8'?>
<WMTOID02>
  <IDOC BEGIN="1">
    <EDI_DC40 SEGMENT="1">
      <TABNAM>EDI_DC40</TABNAM>
      <MANDT>170</MANDT>
      <DOCNUM>0000000476939692</DOCNUM>
      <DOCREL>731</DOCREL>
      <STATUS>30</STATUS>
      <DIRECT>1</DIRECT>
      <OUTMOD>4</OUTMOD>
      <IDOCTYP>WMTOID02</IDOCTYP>
      <MESTYP>WMTORD</MESTYP>
      <SNDPOR>SAPT03</SNDPOR>
      <SNDPRT>LS</SNDPRT>
      <SNDPRN>T03CLNT170</SNDPRN>
      <RCVPOR>T21CLNT910</RCVPOR>
      <RCVPRN>GMES_UBR</RCVPRN>
    </EDI_DC40>
    <E1LTORH SEGMENT="1">
      <LGNUM>RO2</LGNUM>
      <TANUM>156757841</TANUM>
      <BWLVS>934</BWLVS>
      <BENUM>000011232</BENUM>
      <E1LTORI SEGMENT="1">
        <TAPOS>001</TAPOS>
        <MATNR>000000000040058570</MATNR>
        <WERKS>RO32</WERKS>
        <CHARG/>
        <BESTQ>1</BESTQ>
        <SOBKZ></SOBKZ>
        <MEINS>KTM</MEINS>
        <ABLAD>SM04-TROLLEY</ABLAD>
        <VLTYP>100</VLTYP>
        <VLPLA>OUT-Stem P</VLPLA>
        <NLTYP>100</NLTYP>
        <NLPLA>SP04</NLPLA>
        <NSOLM>60</NSOLM>
        <VLENR>L3Test6655</VLENR>
        <LGORT>A101</LGORT>
      </E1LTORI>
      <E1LTORI SEGMENT="1">
        <TAPOS>002</TAPOS>
        <MATNR>000000000040022774</MATNR>
        <WERKS>RO32</WERKS>
        <CHARG/>
        <BESTQ>1</BESTQ>
        <SOBKZ></SOBKZ>
        <MEINS>RL</MEINS>
        <ABLAD>SM04-TROLLEY</ABLAD>
        <VLTYP>100</VLTYP>
        <VLPLA>OUT-Stem P</VLPLA>
        <NLTYP>100</NLTYP>
        <NLPLA>SP04</NLPLA>
        <NSOLM>20</NSOLM>
        <VLENR>L3Test6655</VLENR>
        <LGORT>A101</LGORT>
      </E1LTORI>
    </E1LTORH>
  </IDOC>
</WMTOID02>
