<?xml version="1.0" encoding="utf-8"?>
<PlantNotification xsi:schemaLocation="urn:bat:EIB:ForecastToStock:ManufacturingExecution:PlantMaintenance:CorrectiveMaintenanceProcess S:/SchemaRepository/XMLSchemas/External/PlantNotification.xsd" xmlns="urn:bat:EIB:ForecastToStock:ManufacturingExecution:PlantMaintenance:CorrectiveMaintenanceProcess" xmlns:p7="urn:bat:EIB:common" xmlns:xsi="http://www.w3.org/2001/XMLSchema-instance">
  <Header xmlns="">
    <CreationDateTime>2019-03-17T17:01:53Z</CreationDateTime>
    <MessageType>PlantNotification</MessageType>
    <Sender>
      <System>
        <SystemName>GCMES</SystemName>
      </System>
    </Sender>
    <Reference>
      <ReferenceID>T2969809</ReferenceID>
      <ReferenceIDType>TDQLabel</ReferenceIDType>
    </Reference>
  </Header>
  <Message xmlns="">
    <NotificationHeader>
      <NotificationType>Z1</NotificationType>
      <EquipmentNumber>10011233</EquipmentNumber>
      <MaintenanceNotificationShortText>test</MaintenanceNotificationShortText>
      <StartOfMalfunctionDate>2019-03-17</StartOfMalfunctionDate>
      <StartOfMalfunctionTime>22:31:00</StartOfMalfunctionTime>
      <DepartmentResponsible>ADMIN</DepartmentResponsible>
      <HeaderLongText>
        <TextLine>test</TextLine>
      </HeaderLongText>
      <NotificationItem>
        <PartOfObject>CM01</PartOfObject>
        <GMESDowntimeMessageNumber>PM1001107</GMESDowntimeMessageNumber>
      </NotificationItem>
    </NotificationHeader>
  </Message>
</PlantNotification>